mutList	ddG_fold	ddG_foldOpt	ddG_bind	fitness
106D:108I:110D:111I:112K:114I:115E:131S:135F	70.6	71.98	70.29	0.48676033015
106K:108V:114L:115E:131S:135F	82.87	82.97	83.62	0.0
106K:108M:110D:111I:114L:115E	31.21	27.16	30.9	1.02752586159
106K:108V:110D:114L:115E:131S:135F	78.1	76.3	77.48	0.6541535815899999
108I:110D:111I:112T:114L:115E:131S	69.06	68.58	69.08	0.844582401287
108I:111I:112T:114L:115E:131S	64.2	64.59	64.21	0.4892288502610001
106K:108V:110D:111F:114I:115E:131S:135F	55.3	55.91	55.18	0.6987657943260001
106K:108M:111I:112K:114L:115E:131S	54.69	54.5	54.38	0.290862868869
106D:108I:111I:112K:114I:115E:131S:135F	70.69	68.98	70.68	0.0
106K:108M:110D:111I:112K:114L:115E:131S	51.19	49.95	50.11	0.7673935499339999
106K:108V:111F:114I:115E:131S:135F	54.16	54.14	54.11	0.0961803042763
106K:108V:112T:114L:115E:131S:135F	88.67	89.34	88.59	0.0
108V:110D:112T:114I:115E:135F	61.48	59.67	61.16	0.6765149867739999
106K:108V:110D:112T:114L:115E:131S:135F	88.65	85.98	88.45	0.497399795703
106K:108M:111I:114L:115E	27.66	27.45	27.74	1.01767713603
108V:112T:114I:115E:135F	60.43	60.47	60.12	0.963997501053
