mutList	ddG_fold	ddG_foldOpt	ddG_bind	fitness
106N:108V:114L:115T:135F	58.51	60.79	58.18	0.9841270000000001
106N:108I:111I:112K:114L:131S:135F	67.72	69.2	67.94	0.9279229999999999
106N:108V:114L:115T:131S:135F	77.93	76.76	77.6	0.34421
108I:111F:112K:114I:115A:131S:135F	47.5	46.42	46.31	0.776987
106N:108V:110D:112T:114I:115T:131S	54.27	55.82	54.76	0.779697
106N:108V:112T:114I:115T:131S	53.96	53.96	53.4	0.735591
106N:108V:110D:114L:115T:135F	54.7	52.78	54.06	1.035855
106D:108I:111F:112K:114I:115A:131S:135F	48.53	47.3	48.74	0.2405
106N:108V:110D:114L:115T:131S:135F	72.09	72.91	72.3	0.948148
106N:108I:110D:111I:112K:114L:115T:131S:135F	73.22	72.85	72.86	0.892575
106D:108I:110D:111F:112K:114I:115A:131S:135F	47.04	50.24	47.24	0.84634
106N:108I:110D:111I:112K:114L:131S:135F	67.53	68.85	67.38	0.951909
106N:108I:111I:112K:114L:115T:131S:135F	72.96	72.07	72.92	0.11616900000000001
106N:108V:112T:115T:131S	49.2	49.15	49.2	0.5340229999999999
106N:108V:110D:112T:115T:131S	49.14	50.23	49.66	0.7840550000000001
108I:110D:111F:112K:114I:115A:131S:135F	47.23	46.46	47.43	0.906717
