fitness	feature	aa_seq	this_fitness	this_feature
0.9312995416709999	2.9499999999999993	7F:8F:9S:11N:19V:20S:21L:22G	0.721312006168	2.7300000000000004
1.1301428844399999	1.0800000000000018	7F:8I:9R:11V:19V:20S:21L:22C	0.895335480129	0.8599999999999994
0.9231852810160001	2.3200000000000003	7S:8F:9N:11D:19V:21L:22C:23I	0.984595960378	2.6700000000000053
0.97787305881	2.9800000000000004	7S:8F:9S:11N:20S:21L:22A	0.7837689727439999	2.900000000000002
0.9654419329809999	3.1199999999999974	7S:8F:9S:11N:19V:20S:21L:22A	0.7837689727439999	2.900000000000002
0.9186417574250001	1.9100000000000001	7S:8I:9R:11D:21L:22A	1.0078654958600002	2.1799999999999997
0.925601202165	2.84	7S:8I:9R:11N:20S:21L:22G	0.802786141993	2.7600000000000016
